{
  "hash": "07752e7e",
  "configHash": "7017350c",
  "lockfileHash": "48962db1",
  "browserHash": "a89861a8",
  "optimized": {
    "@angular/common": {
      "src": "../../../../../node_modules/@angular/common/fesm2022/common.mjs",
      "file": "@angular_common.js",
      "fileHash": "9efc8420",
      "needsInterop": false
    },
    "@angular/common/http": {
      "src": "../../../../../node_modules/@angular/common/fesm2022/http.mjs",
      "file": "@angular_common_http.js",
      "fileHash": "18940d3b",
      "needsInterop": false
    },
    "@angular/core": {
      "src": "../../../../../node_modules/@angular/core/fesm2022/core.mjs",
      "file": "@angular_core.js",
      "fileHash": "a3f2734c",
      "needsInterop": false
    },
    "@angular/forms": {
      "src": "../../../../../node_modules/@angular/forms/fesm2022/forms.mjs",
      "file": "@angular_forms.js",
      "fileHash": "d65ceb2b",
      "needsInterop": false
    },
    "@angular/material/card": {
      "src": "../../../../../node_modules/@angular/material/fesm2022/card.mjs",
      "file": "@angular_material_card.js",
      "fileHash": "e5709b35",
      "needsInterop": false
    },
    "@angular/platform-browser": {
      "src": "../../../../../node_modules/@angular/platform-browser/fesm2022/platform-browser.mjs",
      "file": "@angular_platform-browser.js",
      "fileHash": "932a7c31",
      "needsInterop": false
    },
    "@angular/platform-browser/animations/async": {
      "src": "../../../../../node_modules/@angular/platform-browser/fesm2022/animations/async.mjs",
      "file": "@angular_platform-browser_animations_async.js",
      "fileHash": "e9e57230",
      "needsInterop": false
    },
    "@angular/router": {
      "src": "../../../../../node_modules/@angular/router/fesm2022/router.mjs",
      "file": "@angular_router.js",
      "fileHash": "6bbf2a2d",
      "needsInterop": false
    },
    "@angular/service-worker": {
      "src": "../../../../../node_modules/@angular/service-worker/fesm2022/service-worker.mjs",
      "file": "@angular_service-worker.js",
      "fileHash": "e8e3502b",
      "needsInterop": false
    },
    "rxjs": {
      "src": "../../../../../node_modules/rxjs/dist/esm5/index.js",
      "file": "rxjs.js",
      "fileHash": "263221e7",
      "needsInterop": false
    },
    "rxjs/operators": {
      "src": "../../../../../node_modules/rxjs/dist/esm5/operators/index.js",
      "file": "rxjs_operators.js",
      "fileHash": "247b4997",
      "needsInterop": false
    },
    "@angular/material/snack-bar": {
      "src": "../../../../../node_modules/@angular/material/fesm2022/snack-bar.mjs",
      "file": "@angular_material_snack-bar.js",
      "fileHash": "120d7533",
      "needsInterop": false
    }
  },
  "chunks": {
    "browser-PIGLLN3L": {
      "file": "browser-PIGLLN3L.js"
    },
    "chunk-APCAATUR": {
      "file": "chunk-APCAATUR.js"
    },
    "chunk-RLG652V4": {
      "file": "chunk-RLG652V4.js"
    },
    "chunk-FGIJWRIL": {
      "file": "chunk-FGIJWRIL.js"
    },
    "chunk-2DJJH5CC": {
      "file": "chunk-2DJJH5CC.js"
    },
    "chunk-APQJ6POP": {
      "file": "chunk-APQJ6POP.js"
    },
    "chunk-IGJZNA3K": {
      "file": "chunk-IGJZNA3K.js"
    },
    "chunk-CONQKHOI": {
      "file": "chunk-CONQKHOI.js"
    },
    "chunk-V4GYEGQC": {
      "file": "chunk-V4GYEGQC.js"
    },
    "chunk-GC5FLHL6": {
      "file": "chunk-GC5FLHL6.js"
    }
  }
}